<?xml version='1.0' encoding='utf-8'?>
<Leads><Lead><ClientID>C0001</ClientID><Name>David Doyle</Name><Phone>001-775-129-5311x735</Phone><Email>francisashley@gmail.com</Email><InquiryTime>2005-04-02T23:03:06</InquiryTime></Lead><Lead><ClientID>C0002</ClientID><Name>Desiree Wilson</Name><Phone>001-939-901-8574</Phone><Email>brittany00@gibson.com</Email><InquiryTime>1996-08-09T04:02:51</InquiryTime></Lead><Lead><ClientID>C0003</ClientID><Name>Kevin Brown</Name><Phone>(593)859-0001</Phone><Email>dominique32@flores.com</Email><InquiryTime>2003-11-25T13:23:14</InquiryTime></Lead><Lead><ClientID>C0004</ClientID><Name>Melissa Anderson</Name><Phone>814.297.3072x920</Phone><Email>jamesmiller@yahoo.com</Email><InquiryTime>2000-01-10T20:57:56</InquiryTime></Lead><Lead><ClientID>C0005</ClientID><Name>Samantha Moore</Name><Phone>+1-248-756-3323x22249</Phone><Email>juliethompson@yahoo.com</Email><InquiryTime>2011-12-25T09:37:34</InquiryTime></Lead><Lead><ClientID>C0006</ClientID><Name>Joseph Davis</Name><Phone>001-779-295-3746x6387</Phone><Email>stephen95@gmail.com</Email><InquiryTime>2009-04-09T23:36:23</InquiryTime></Lead><Lead><ClientID>C0007</ClientID><Name>Christopher Taylor</Name><Phone>534.599.1304</Phone><Email>patricia39@yahoo.com</Email><InquiryTime>2019-01-24T18:21:04</InquiryTime></Lead><Lead><ClientID>C0008</ClientID><Name>Sarah Martin</Name><Phone>001-826-351-1107</Phone><Email>lisa39@hotmail.com</Email><InquiryTime>2015-11-21T06:49:56</InquiryTime></Lead><Lead><ClientID>C0009</ClientID><Name>Matthew Lee</Name><Phone>+1-624-525-3458x5901</Phone><Email>gmorales@flores.com</Email><InquiryTime>2022-07-20T19:30:21</InquiryTime></Lead><Lead><ClientID>C0010</ClientID><Name>Laura Hall</Name><Phone>650-316-2792x8782</Phone><Email>qmurphy@allen.biz</Email><InquiryTime>2021-05-15T15:42:10</InquiryTime></Lead></Leads>