<?xml version='1.0' encoding='utf-8'?>
<Inventory><Flat><FlatID>F0001</FlatID><Type>2BHK</Type><BuilderName>Elite Constructions</BuilderName><FlatNumber>537</FlatNumber><Address>259 Scott Terrace Apt. 077, West Zachary, VA 63329</Address></Flat><Flat><FlatID>F0002</FlatID><Type>3BHK</Type><BuilderName>Urban Nest</BuilderName><FlatNumber>422</FlatNumber><Address>55237 Scott Green Apt. 414, Smithstad, CT 85331</Address></Flat><Flat><FlatID>F0003</FlatID><Type>3BHK</Type><BuilderName>Urban Nest</BuilderName><FlatNumber>479</FlatNumber><Address>00452 Jacob Vista, Andrewmouth, KY 88549</Address></Flat><Flat><FlatID>F0004</FlatID><Type>1BHK</Type><BuilderName>Premier Homes</BuilderName><FlatNumber>301</FlatNumber><Address>76507 Lawrence Extensions Suite 550, South Johnbury, AZ 77892</Address></Flat><Flat><FlatID>F0005</FlatID><Type>2BHK</Type><BuilderName>Elite Constructions</BuilderName><FlatNumber>688</FlatNumber><Address>32118 Jennings Points, Whiteview, UT 03405</Address></Flat><Flat><FlatID>F0006</FlatID><Type>3BHK</Type><BuilderName>Premier Homes</BuilderName><FlatNumber>214</FlatNumber><Address>5194 Hale Points Suite 822, Port Daniel, VT 75909</Address></Flat><Flat><FlatID>F0007</FlatID><Type>2BHK</Type><BuilderName>Urban Nest</BuilderName><FlatNumber>952</FlatNumber><Address>8840 Eric Plaza, North Kathyburgh, ME 97909</Address></Flat><Flat><FlatID>F0008</FlatID><Type>1BHK</Type><BuilderName>Elite Constructions</BuilderName><FlatNumber>117</FlatNumber><Address>45574 Perez Crossing Apt. 587, South Richard, IL 81916</Address></Flat><Flat><FlatID>F0009</FlatID><Type>3BHK</Type><BuilderName>Premier Homes</BuilderName><FlatNumber>723</FlatNumber><Address>80764 Sarah Ramp, West Kristiside, MA 52475</Address></Flat><Flat><FlatID>F0010</FlatID><Type>1BHK</Type><BuilderName>Urban Nest</BuilderName><FlatNumber>499</FlatNumber><Address>6755 Melissa Mills, Jessicachester, NJ 02267</Address></Flat></Inventory>