<?xml version='1.0' encoding='utf-8'?>
<Leads><Lead><ClientID>C0001</ClientID><Name>David Doyle</Name><Phone>001-775-129-5311x735</Phone><Email>francisashley@gmail.com</Email><InquiryTime>2005-04-02T23:03:06</InquiryTime></Lead><Lead><ClientID>C0002</ClientID><Name>Desiree Wilson</Name><Phone>001-939-901-8574</Phone><Email>brittany00@gibson.com</Email><InquiryTime>1996-08-09T04:02:51</InquiryTime></Lead><Lead><ClientID>C0003</ClientID><Name>Kevin Brown</Name><Phone>(593)859-0001</Phone><Email>dominique32@flores.com</Email><InquiryTime>2023-10-20T22:20:16</InquiryTime></Lead><Lead><ClientID>C0004</ClientID><Name>Lindsay Hahn</Name><Phone>112-027-2347x235</Phone><Email>michaelfranco@green.com</Email><InquiryTime>2013-12-19T20:23:37</InquiryTime></Lead><Lead><ClientID>C0005</ClientID><Name>Daniel Coleman</Name><Phone>078-203-8038</Phone><Email>uboyer@campbell.net</Email><InquiryTime>1972-08-07T23:43:55</InquiryTime></Lead><Lead><ClientID>C0006</ClientID><Name>Karen Todd</Name><Phone>157-165-0013x26166</Phone><Email>harrisjoseph@gmail.com</Email><InquiryTime>2021-07-06T11:17:27</InquiryTime></Lead><Lead><ClientID>C0007</ClientID><Name>Barbara Lopez</Name><Phone>882.651.8939</Phone><Email>lisamcgrath@gmail.com</Email><InquiryTime>2012-11-05T00:06:16</InquiryTime></Lead><Lead><ClientID>C0008</ClientID><Name>Daniel Howard</Name><Phone>001-662-974-1315</Phone><Email>mwright@young.com</Email><InquiryTime>1976-12-21T10:18:17</InquiryTime></Lead><Lead><ClientID>C0009</ClientID><Name>Karen Davis</Name><Phone>051.847.6721x4564</Phone><Email>lopezheather@yahoo.com</Email><InquiryTime>1997-06-10T22:06:50</InquiryTime></Lead><Lead><ClientID>C0010</ClientID><Name>Leslie Ward</Name><Phone>(515)662-4795</Phone><Email>dianehebert@hotmail.com</Email><InquiryTime>2001-08-15T23:08:55</InquiryTime></Lead><Lead><ClientID>C0011</ClientID><Name>Christopher Little</Name><Phone>001-205-342-0208x4134</Phone><Email>anthony00@caldwell-colon.biz</Email><InquiryTime>1997-12-21T11:56:56</InquiryTime></Lead><Lead><ClientID>C0012</ClientID><Name>Matthew Weiss</Name><Phone>726-038-5183x2350</Phone><Email>cmiranda@gmail.com</Email><InquiryTime>1983-10-07T10:33:08</InquiryTime></Lead><Lead><ClientID>C0013</ClientID><Name>Manuel Wang</Name><Phone>+1-580-178-9095</Phone><Email>james32@thornton-huff.biz</Email><InquiryTime>2004-06-21T09:10:14</InquiryTime></Lead><Lead><ClientID>C0014</ClientID><Name>Allison Mills</Name><Phone>+1-322-261-3716</Phone><Email>nathan91@gordon-fuentes.com</Email><InquiryTime>2004-08-03T15:50:37</InquiryTime></Lead><Lead><ClientID>C0015</ClientID><Name>Mary Blackburn</Name><Phone>(895)889-0339</Phone><Email>hughesbecky@ryan.com</Email><InquiryTime>1996-08-16T02:23:52</InquiryTime></Lead><Lead><ClientID>C0016</ClientID><Name>Mr. Stephen Griffin</Name><Phone>001-773-860-7786</Phone><Email>clineangela@hotmail.com</Email><InquiryTime>1970-05-30T10:35:51</InquiryTime></Lead><Lead><ClientID>C0017</ClientID><Name>Brian Snow</Name><Phone>001-868-580-8755</Phone><Email>jordantheresa@spencer.com</Email><InquiryTime>2009-02-18T20:56:56</InquiryTime></Lead><Lead><ClientID>C0018</ClientID><Name>Dakota Parker</Name><Phone>001-629-753-0248</Phone><Email>ricechris@king.com</Email><InquiryTime>2005-04-23T05:48:10</InquiryTime></Lead><Lead><ClientID>C0019</ClientID><Name>Mr. Donald Downs Jr.</Name><Phone>951.120.6320x833</Phone><Email>wwood@berry.com</Email><InquiryTime>2007-12-04T11:39:07</InquiryTime></Lead><Lead><ClientID>C0020</ClientID><Name>Melissa Mendez</Name><Phone>417.065.3742</Phone><Email>jennifer28@yahoo.com</Email><InquiryTime>1976-10-30T13:52:42</InquiryTime></Lead><Lead><ClientID>C0021</ClientID><Name>Deanna Wilson</Name><Phone>(848)931-7065</Phone><Email>jmullins@goodwin-mendoza.org</Email><InquiryTime>1972-12-23T15:38:47</InquiryTime></Lead><Lead><ClientID>C0022</ClientID><Name>Lisa Martinez</Name><Phone>+1-127-209-4236x78227</Phone><Email>josephwilliams@harper-wilson.com</Email><InquiryTime>2010-07-29T04:42:48</InquiryTime></Lead><Lead><ClientID>C0023</ClientID><Name>Vincent Alvarado</Name><Phone>757-908-8987x62507</Phone><Email>cherylmartin@moore.info</Email><InquiryTime>1970-12-08T02:57:32</InquiryTime></Lead><Lead><ClientID>C0024</ClientID><Name>Lindsey Ortega</Name><Phone>446.083.7279</Phone><Email>katherinesmith@scott-young.info</Email><InquiryTime>1998-12-26T23:55:56</InquiryTime></Lead><Lead><ClientID>C0025</ClientID><Name>Bobby Nicholson</Name><Phone>757-400-4522x81248</Phone><Email>douglas71@hotmail.com</Email><InquiryTime>2012-07-18T21:12:49</InquiryTime></Lead><Lead><ClientID>C0026</ClientID><Name>Kevin Larson</Name><Phone>893-530-0193x4508</Phone><Email>eparker@yahoo.com</Email><InquiryTime>2000-05-06T19:25:36</InquiryTime></Lead><Lead><ClientID>C0027</ClientID><Name>Rita Neal</Name><Phone>666-440-4373x8986</Phone><Email>penny16@hotmail.com</Email><InquiryTime>2020-02-08T12:40:57</InquiryTime></Lead><Lead><ClientID>C0028</ClientID><Name>Joseph Moore</Name><Phone>3147052785</Phone><Email>kayla08@yahoo.com</Email><InquiryTime>1988-04-24T20:02:11</InquiryTime></Lead><Lead><ClientID>C0029</ClientID><Name>Connor Williams</Name><Phone>+1-170-126-9385x19711</Phone><Email>michaelhernandez@schmidt-moore.com</Email><InquiryTime>1999-09-18T21:26:40</InquiryTime></Lead><Lead><ClientID>C0030</ClientID><Name>Rebekah Vargas</Name><Phone>624.421.6493x1621</Phone><Email>kimberlyvance@glover.info</Email><InquiryTime>1983-09-30T19:23:54</InquiryTime></Lead><Lead><ClientID>C0031</ClientID><Name>Tiffany Bennett</Name><Phone>001-029-318-3545x61655</Phone><Email>ysherman@wise.com</Email><InquiryTime>2009-05-07T21:55:10</InquiryTime></Lead><Lead><ClientID>C0032</ClientID><Name>Kevin Coleman</Name><Phone>601.995.3834</Phone><Email>jesusking@short.biz</Email><InquiryTime>1988-06-30T07:50:35</InquiryTime></Lead><Lead><ClientID>C0033</ClientID><Name>Cynthia Downs</Name><Phone>830.432.9363x483</Phone><Email>smithchristopher@dennis-mcdaniel.info</Email><InquiryTime>1985-01-05T18:53:19</InquiryTime></Lead><Lead><ClientID>C0034</ClientID><Name>Lori Terrell</Name><Phone>(928)392-7728x03905</Phone><Email>hwebster@yahoo.com</Email><InquiryTime>1972-03-17T03:11:01</InquiryTime></Lead><Lead><ClientID>C0035</ClientID><Name>Sara Bailey</Name><Phone>(011)011-4751</Phone><Email>robertcox@west.com</Email><InquiryTime>1984-04-14T12:32:34</InquiryTime></Lead><Lead><ClientID>C0036</ClientID><Name>Marcus Christian</Name><Phone>741.241.6099</Phone><Email>nweaver@marks-bernard.com</Email><InquiryTime>1980-11-02T12:51:18</InquiryTime></Lead><Lead><ClientID>C0037</ClientID><Name>Michael Hughes MD</Name><Phone>001-543-357-4645x1489</Phone><Email>phillipswilliam@yahoo.com</Email><InquiryTime>1983-12-11T18:38:59</InquiryTime></Lead><Lead><ClientID>C0038</ClientID><Name>Cynthia Tanner</Name><Phone>001-706-305-1274x8473</Phone><Email>ethanmeza@johnson.com</Email><InquiryTime>1981-09-26T16:44:39</InquiryTime></Lead><Lead><ClientID>C0039</ClientID><Name>Francisco Thompson</Name><Phone>369-409-0467</Phone><Email>charles46@reese-smith.biz</Email><InquiryTime>1989-09-09T05:10:22</InquiryTime></Lead><Lead><ClientID>C0040</ClientID><Name>Joanna Fleming</Name><Phone>748.116.5473x06360</Phone><Email>gilbertmary@sanchez.org</Email><InquiryTime>1995-03-20T22:05:20</InquiryTime></Lead><Lead><ClientID>C0041</ClientID><Name>Kenneth Cummings</Name><Phone>001-872-739-8130</Phone><Email>jeffrey60@bridges.com</Email><InquiryTime>2001-03-22T18:13:49</InquiryTime></Lead><Lead><ClientID>C0042</ClientID><Name>Curtis Torres</Name><Phone>220-952-3565x0016</Phone><Email>matthewwilliams@gmail.com</Email><InquiryTime>1989-02-03T08:18:16</InquiryTime></Lead><Lead><ClientID>C0043</ClientID><Name>Rachel Hicks</Name><Phone>(751)839-9754x85616</Phone><Email>levipeters@harmon.com</Email><InquiryTime>1993-11-22T15:05:08</InquiryTime></Lead><Lead><ClientID>C0044</ClientID><Name>Jennifer Henderson</Name><Phone>+1-351-487-1149x950</Phone><Email>michelle20@hotmail.com</Email><InquiryTime>1984-07-05T14:54:20</InquiryTime></Lead><Lead><ClientID>C0045</ClientID><Name>Christopher Reynolds</Name><Phone>+1-335-070-6340</Phone><Email>jennifer27@hotmail.com</Email><InquiryTime>2000-01-08T00:18:49</InquiryTime></Lead><Lead><ClientID>C0046</ClientID><Name>Hailey Wheeler</Name><Phone>+1-359-872-8437</Phone><Email>vchen@shah-mcfarland.com</Email><InquiryTime>1986-11-28T07:05:33</InquiryTime></Lead><Lead><ClientID>C0047</ClientID><Name>Gerald Palmer</Name><Phone>0178473561</Phone><Email>william12@manning.com</Email><InquiryTime>1984-06-30T02:52:58</InquiryTime></Lead><Lead><ClientID>C0048</ClientID><Name>Daniel Johnson</Name><Phone>720.337.6426</Phone><Email>juliemartin@arias.com</Email><InquiryTime>2012-05-30T02:24:39</InquiryTime></Lead><Lead><ClientID>C0049</ClientID><Name>Devon Webster</Name><Phone>001-099-593-0006x28537</Phone><Email>whernandez@king-alexander.org</Email><InquiryTime>1998-08-04T06:16:25</InquiryTime></Lead><Lead><ClientID>C0050</ClientID><Name>Shawn James</Name><Phone>397-650-2434</Phone><Email>pwilson@middleton.info</Email><InquiryTime>2001-09-27T18:05:40</InquiryTime></Lead><Lead><ClientID>C0051</ClientID><Name>Fernando Phillips</Name><Phone>471.262.6697x9942</Phone><Email>shannongabrielle@yahoo.com</Email><InquiryTime>1987-05-16T10:37:38</InquiryTime></Lead><Lead><ClientID>C0052</ClientID><Name>Lisa Odom</Name><Phone>(311)413-6188</Phone><Email>dan27@huynh-daniels.com</Email><InquiryTime>2005-07-05T01:45:26</InquiryTime></Lead><Lead><ClientID>C0053</ClientID><Name>Wendy Burke</Name><Phone>230.449.0952</Phone><Email>donaldmyers@nichols.info</Email><InquiryTime>1994-03-28T18:54:45</InquiryTime></Lead><Lead><ClientID>C0054</ClientID><Name>Joshua Soto</Name><Phone>512-521-6023x01548</Phone><Email>qjohnson@ramirez.biz</Email><InquiryTime>2017-11-21T00:46:39</InquiryTime></Lead><Lead><ClientID>C0055</ClientID><Name>Joseph Benton</Name><Phone>589.038.2811x4342</Phone><Email>luisclark@perkins.net</Email><InquiryTime>1992-01-10T23:43:36</InquiryTime></Lead><Lead><ClientID>C0056</ClientID><Name>Richard Knight</Name><Phone>534.930.1543</Phone><Email>kenneththomas@hotmail.com</Email><InquiryTime>2012-07-15T05:13:02</InquiryTime></Lead><Lead><ClientID>C0057</ClientID><Name>Heather Berry MD</Name><Phone>(813)291-2186x45867</Phone><Email>sandersclaudia@ford.com</Email><InquiryTime>2021-07-26T06:56:04</InquiryTime></Lead><Lead><ClientID>C0058</ClientID><Name>Patricia Mccarty</Name><Phone>914-442-1734</Phone><Email>gibsonamanda@johnson.com</Email><InquiryTime>1987-06-17T10:53:31</InquiryTime></Lead><Lead><ClientID>C0059</ClientID><Name>Noah Roman</Name><Phone>8693948702</Phone><Email>washingtondana@brown.com</Email><InquiryTime>1973-06-02T13:32:28</InquiryTime></Lead><Lead><ClientID>C0060</ClientID><Name>Courtney Browning</Name><Phone>(415)417-5206x57697</Phone><Email>ggrant@hotmail.com</Email><InquiryTime>2008-04-18T18:08:15</InquiryTime></Lead><Lead><ClientID>C0061</ClientID><Name>Breanna Wright</Name><Phone>140.432.9881x56034</Phone><Email>sreyes@hotmail.com</Email><InquiryTime>1988-06-27T21:45:26</InquiryTime></Lead><Lead><ClientID>C0062</ClientID><Name>Michael Wolf</Name><Phone>+1-345-822-3686x500</Phone><Email>paula03@gomez.com</Email><InquiryTime>1991-12-09T04:04:19</InquiryTime></Lead><Lead><ClientID>C0063</ClientID><Name>Mary Smith</Name><Phone>039.660.8055</Phone><Email>halebrandon@jennings.com</Email><InquiryTime>2003-07-04T21:22:09</InquiryTime></Lead><Lead><ClientID>C0064</ClientID><Name>Jessica Thomas</Name><Phone>(160)615-6323x374</Phone><Email>hdean@gmail.com</Email><InquiryTime>2019-04-09T01:02:53</InquiryTime></Lead><Lead><ClientID>C0065</ClientID><Name>David Henry</Name><Phone>778.720.7289x2851</Phone><Email>guerrerojessica@hotmail.com</Email><InquiryTime>2021-05-26T22:36:24</InquiryTime></Lead><Lead><ClientID>C0066</ClientID><Name>Lisa Miller</Name><Phone>838.803.6551x39264</Phone><Email>xturner@yahoo.com</Email><InquiryTime>1986-07-31T11:47:37</InquiryTime></Lead><Lead><ClientID>C0067</ClientID><Name>Jessica Moody</Name><Phone>001-321-638-0226x0974</Phone><Email>williamsjennifer@yahoo.com</Email><InquiryTime>2025-01-03T04:49:22</InquiryTime></Lead><Lead><ClientID>C0068</ClientID><Name>Jennifer Fisher</Name><Phone>814.543.5521</Phone><Email>adriennesmith@hotmail.com</Email><InquiryTime>1993-10-31T15:44:14</InquiryTime></Lead><Lead><ClientID>C0069</ClientID><Name>Emily Miles</Name><Phone>203-569-0669x82980</Phone><Email>anitaanderson@gmail.com</Email><InquiryTime>2018-01-08T07:55:04</InquiryTime></Lead><Lead><ClientID>C0070</ClientID><Name>Miguel Turner</Name><Phone>(668)957-0742x14551</Phone><Email>adrianholt@gmail.com</Email><InquiryTime>1976-02-02T18:05:05</InquiryTime></Lead><Lead><ClientID>C0071</ClientID><Name>Jeffrey Johnson PhD</Name><Phone>5862180216</Phone><Email>lopezbarbara@thompson-acevedo.org</Email><InquiryTime>2023-11-26T00:15:58</InquiryTime></Lead><Lead><ClientID>C0072</ClientID><Name>Justin Saunders</Name><Phone>8883044102</Phone><Email>veronica34@gmail.com</Email><InquiryTime>2016-06-09T07:55:17</InquiryTime></Lead><Lead><ClientID>C0073</ClientID><Name>Margaret Burton</Name><Phone>(431)645-9768x96018</Phone><Email>herreraamanda@yahoo.com</Email><InquiryTime>2016-03-29T06:43:08</InquiryTime></Lead><Lead><ClientID>C0074</ClientID><Name>Wesley Luna</Name><Phone>(503)647-5472x73371</Phone><Email>eduardo54@hotmail.com</Email><InquiryTime>2019-04-14T13:10:06</InquiryTime></Lead><Lead><ClientID>C0075</ClientID><Name>Anne Berry</Name><Phone>(549)994-8554x6688</Phone><Email>littleamber@hotmail.com</Email><InquiryTime>2016-12-16T19:22:21</InquiryTime></Lead><Lead><ClientID>C0076</ClientID><Name>William Marshall</Name><Phone>026-529-8912x39572</Phone><Email>olsonmark@moreno.com</Email><InquiryTime>1980-04-14T07:51:01</InquiryTime></Lead><Lead><ClientID>C0077</ClientID><Name>Stephanie Cook</Name><Phone>+1-091-087-3637</Phone><Email>ojackson@walker.info</Email><InquiryTime>1984-08-06T08:19:52</InquiryTime></Lead><Lead><ClientID>C0078</ClientID><Name>Alex Smith</Name><Phone>+1-051-968-2127x256</Phone><Email>morrisonmary@adams.org</Email><InquiryTime>1989-10-07T09:24:17</InquiryTime></Lead><Lead><ClientID>C0079</ClientID><Name>Megan Petersen</Name><Phone>129.440.1086x3690</Phone><Email>harristyler@griffin.biz</Email><InquiryTime>1990-03-07T14:06:31</InquiryTime></Lead><Lead><ClientID>C0080</ClientID><Name>Brian Shaw</Name><Phone>(106)277-8645x39173</Phone><Email>mitchell63@yahoo.com</Email><InquiryTime>1999-09-22T16:32:01</InquiryTime></Lead><Lead><ClientID>C0081</ClientID><Name>Troy Marsh</Name><Phone>(753)597-7781</Phone><Email>rglover@brooks-beck.org</Email><InquiryTime>1984-05-20T10:02:28</InquiryTime></Lead><Lead><ClientID>C0082</ClientID><Name>Theresa Foster</Name><Phone>001-572-121-7110x788</Phone><Email>nataliehickman@gmail.com</Email><InquiryTime>2008-12-19T14:14:57</InquiryTime></Lead><Lead><ClientID>C0083</ClientID><Name>Aaron Gross</Name><Phone>001-939-730-2781</Phone><Email>nbarnett@martinez-stevens.biz</Email><InquiryTime>1975-05-20T18:53:07</InquiryTime></Lead><Lead><ClientID>C0084</ClientID><Name>Patricia Weaver</Name><Phone>001-804-658-1211x4191</Phone><Email>sally79@davidson-tucker.biz</Email><InquiryTime>2019-11-06T15:09:27</InquiryTime></Lead><Lead><ClientID>C0085</ClientID><Name>Katelyn Dunn</Name><Phone>001-609-663-6935x780</Phone><Email>richardwatson@gmail.com</Email><InquiryTime>1988-08-15T06:39:15</InquiryTime></Lead><Lead><ClientID>C0086</ClientID><Name>Melanie Johnson</Name><Phone>+1-226-022-9789x846</Phone><Email>stevensantiago@houston.com</Email><InquiryTime>2005-11-04T20:46:07</InquiryTime></Lead><Lead><ClientID>C0087</ClientID><Name>Samuel Young</Name><Phone>(623)976-7021x4367</Phone><Email>laurie24@hotmail.com</Email><InquiryTime>1990-07-19T15:34:47</InquiryTime></Lead><Lead><ClientID>C0088</ClientID><Name>Robert Ross</Name><Phone>001-685-700-8427x3988</Phone><Email>sbrown@melton.com</Email><InquiryTime>1981-06-09T21:06:26</InquiryTime></Lead><Lead><ClientID>C0089</ClientID><Name>Anna Sanders</Name><Phone>928.338.3579x91745</Phone><Email>cisnerosalbert@hotmail.com</Email><InquiryTime>1994-03-10T11:00:20</InquiryTime></Lead><Lead><ClientID>C0090</ClientID><Name>Jacob Lambert</Name><Phone>001-663-856-1969x740</Phone><Email>ocoleman@yahoo.com</Email><InquiryTime>1999-09-15T07:51:40</InquiryTime></Lead><Lead><ClientID>C0091</ClientID><Name>Kristen King</Name><Phone>380-468-8783x12337</Phone><Email>reynoldscrystal@griffith-perez.org</Email><InquiryTime>1999-02-27T03:38:54</InquiryTime></Lead><Lead><ClientID>C0092</ClientID><Name>Keith Blair</Name><Phone>(800)242-3455</Phone><Email>mitchellpatricia@yahoo.com</Email><InquiryTime>2015-12-19T15:34:23</InquiryTime></Lead><Lead><ClientID>C0093</ClientID><Name>Linda Smith</Name><Phone>(773)652-3950x9810</Phone><Email>gibsonmichael@davis-stewart.com</Email><InquiryTime>1985-07-03T21:06:57</InquiryTime></Lead><Lead><ClientID>C0094</ClientID><Name>Lauren Contreras</Name><Phone>(931)768-9766x122</Phone><Email>laurabryant@fuller.com</Email><InquiryTime>1998-03-30T17:36:05</InquiryTime></Lead><Lead><ClientID>C0095</ClientID><Name>Joshua Hart</Name><Phone>255-835-5106x9010</Phone><Email>rachelflores@gmail.com</Email><InquiryTime>1975-08-21T21:25:42</InquiryTime></Lead><Lead><ClientID>C0096</ClientID><Name>Maureen Ho</Name><Phone>001-174-861-9149x77159</Phone><Email>smithgeoffrey@valenzuela-page.com</Email><InquiryTime>1970-01-28T22:05:12</InquiryTime></Lead><Lead><ClientID>C0097</ClientID><Name>Samantha Patterson</Name><Phone>001-043-876-6389x5562</Phone><Email>jeffrey58@gmail.com</Email><InquiryTime>1976-11-26T08:30:36</InquiryTime></Lead><Lead><ClientID>C0098</ClientID><Name>Travis Mathis</Name><Phone>464.390.6300x3510</Phone><Email>ericorozco@hotmail.com</Email><InquiryTime>2014-06-05T19:10:38</InquiryTime></Lead><Lead><ClientID>C0099</ClientID><Name>Catherine Thompson</Name><Phone>143-513-9590x9098</Phone><Email>lisa13@herrera-martinez.org</Email><InquiryTime>2014-01-11T11:20:48</InquiryTime></Lead><Lead><ClientID>C0100</ClientID><Name>Evelyn Salazar</Name><Phone>(668)239-5452x0611</Phone><Email>bdaniel@yahoo.com</Email><InquiryTime>1974-07-02T18:56:43</InquiryTime></Lead><Lead><ClientID>C0101</ClientID><Name>Karen Fletcher</Name><Phone>194-895-1652x294</Phone><Email>josephharrison@hotmail.com</Email><InquiryTime>2000-02-15T05:14:50</InquiryTime></Lead><Lead><ClientID>C0102</ClientID><Name>Matthew Cooper</Name><Phone>781.151.5631x443</Phone><Email>cassandra30@lee.org</Email><InquiryTime>1980-06-22T06:53:10</InquiryTime></Lead><Lead><ClientID>C0103</ClientID><Name>Hannah Williams</Name><Phone>001-773-874-2298x362</Phone><Email>kvelazquez@yahoo.com</Email><InquiryTime>1984-09-05T18:46:23</InquiryTime></Lead><Lead><ClientID>C0104</ClientID><Name>Michael Hendrix</Name><Phone>388-062-4122</Phone><Email>whitemelissa@hotmail.com</Email><InquiryTime>1994-10-25T12:16:43</InquiryTime></Lead><Lead><ClientID>C0105</ClientID><Name>Pamela Logan DVM</Name><Phone>8678777840</Phone><Email>njohnson@yahoo.com</Email><InquiryTime>2004-02-21T23:03:17</InquiryTime></Lead><Lead><ClientID>C0106</ClientID><Name>David Delgado</Name><Phone>(881)571-0428</Phone><Email>sotosusan@henry.org</Email><InquiryTime>2000-08-13T00:45:04</InquiryTime></Lead><Lead><ClientID>C0107</ClientID><Name>Caitlin Hill</Name><Phone>+1-326-742-6418</Phone><Email>kristina52@walton.com</Email><InquiryTime>2024-07-26T22:24:34</InquiryTime></Lead><Lead><ClientID>C0108</ClientID><Name>Jennifer Vazquez</Name><Phone>(453)082-3829x536</Phone><Email>griffinarthur@young.org</Email><InquiryTime>1985-05-23T01:44:31</InquiryTime></Lead><Lead><ClientID>C0109</ClientID><Name>Elizabeth Campbell</Name><Phone>096-766-5743</Phone><Email>barrettpeter@riley-lee.info</Email><InquiryTime>1993-12-26T00:42:27</InquiryTime></Lead><Lead><ClientID>C0110</ClientID><Name>Sheryl Wilson</Name><Phone>+1-991-083-1767x593</Phone><Email>beckjoseph@gmail.com</Email><InquiryTime>1999-01-18T00:44:30</InquiryTime></Lead><Lead><ClientID>C0111</ClientID><Name>Joseph Jackson</Name><Phone>547-704-8700x02957</Phone><Email>uwilson@dickerson.net</Email><InquiryTime>2005-05-02T07:49:01</InquiryTime></Lead><Lead><ClientID>C0112</ClientID><Name>Jay Hodge</Name><Phone>839.857.3418x1969</Phone><Email>kbridges@yahoo.com</Email><InquiryTime>1999-08-07T16:28:45</InquiryTime></Lead><Lead><ClientID>C0113</ClientID><Name>Samuel Olson</Name><Phone>977.492.7925x9421</Phone><Email>mannjames@king.com</Email><InquiryTime>1987-03-01T18:14:38</InquiryTime></Lead><Lead><ClientID>C0114</ClientID><Name>Cindy Diaz</Name><Phone>193-039-2726</Phone><Email>derrick65@hotmail.com</Email><InquiryTime>1976-06-05T03:44:12</InquiryTime></Lead><Lead><ClientID>C0115</ClientID><Name>Misty Chavez</Name><Phone>008.413.5662x8209</Phone><Email>savannahlowe@yahoo.com</Email><InquiryTime>2022-06-15T04:01:07</InquiryTime></Lead><Lead><ClientID>C0116</ClientID><Name>Kara Parsons</Name><Phone>9107498767</Phone><Email>xevans@trevino.com</Email><InquiryTime>2012-11-21T22:17:25</InquiryTime></Lead><Lead><ClientID>C0117</ClientID><Name>Cindy Valdez</Name><Phone>001-139-699-8481x8882</Phone><Email>jamesweiss@berry.net</Email><InquiryTime>2011-06-15T14:11:28</InquiryTime></Lead><Lead><ClientID>C0118</ClientID><Name>Nancy Wilson</Name><Phone>(977)993-6220x726</Phone><Email>hamiltonrodney@gmail.com</Email><InquiryTime>1984-04-20T07:14:46</InquiryTime></Lead><Lead><ClientID>C0119</ClientID><Name>Ricardo Bennett</Name><Phone>3523763268</Phone><Email>vchandler@hotmail.com</Email><InquiryTime>1972-07-23T05:23:46</InquiryTime></Lead><Lead><ClientID>C0120</ClientID><Name>Sean Calderon</Name><Phone>+1-590-861-6753x653</Phone><Email>christopher21@lucas.com</Email><InquiryTime>1981-05-09T14:52:15</InquiryTime></Lead></Leads>