<?xml version='1.0' encoding='utf-8'?>
<Inventory><Flat><FlatID>F0001</FlatID><Type>2BHK</Type><BuilderName>Elite Constructions</BuilderName><FlatNumber>537</FlatNumber><Address>259 Scott Terrace Apt. 077, West Zachary, VA 63329</Address></Flat><Flat><FlatID>F0002</FlatID><Type>3BHK</Type><BuilderName>Urban Nest</BuilderName><FlatNumber>422</FlatNumber><Address>55237 Scott Green Apt. 414, Smithstad, CT 85331</Address></Flat><Flat><FlatID>F0003</FlatID><Type>3BHK</Type><BuilderName>Urban Nest</BuilderName><FlatNumber>476</FlatNumber><Address>796 Brown Brooks, West Jason, MO 52377</Address></Flat><Flat><FlatID>F0004</FlatID><Type>3BHK</Type><BuilderName>Green Homes</BuilderName><FlatNumber>244</FlatNumber><Address>309 Davis Curve Apt. 111, North Amy, GA 71467</Address></Flat><Flat><FlatID>F0005</FlatID><Type>2BHK</Type><BuilderName>Skyline Builders</BuilderName><FlatNumber>857</FlatNumber><Address>28722 Penny Mill, North Aaron, MN 23538</Address></Flat><Flat><FlatID>F0006</FlatID><Type>3BHK</Type><BuilderName>Skyline Builders</BuilderName><FlatNumber>369</FlatNumber><Address>66551 Rodriguez Mission, Stewartland, AZ 31534</Address></Flat><Flat><FlatID>F0007</FlatID><Type>3BHK</Type><BuilderName>Elite Constructions</BuilderName><FlatNumber>163</FlatNumber><Address>Unit 7337 Box 9713, DPO AP 17975</Address></Flat><Flat><FlatID>F0008</FlatID><Type>2BHK</Type><BuilderName>Urban Nest</BuilderName><FlatNumber>650</FlatNumber><Address>325 Debra Pass Apt. 401, North Scott, SC 14581</Address></Flat><Flat><FlatID>F0009</FlatID><Type>2BHK</Type><BuilderName>Urban Nest</BuilderName><FlatNumber>705</FlatNumber><Address>6996 White Track Apt. 266, Stephenborough, AK 50744</Address></Flat><Flat><FlatID>F0010</FlatID><Type>3BHK</Type><BuilderName>Elite Constructions</BuilderName><FlatNumber>339</FlatNumber><Address>183 Mark Isle Apt. 593, Codymouth, ID 83486</Address></Flat><Flat><FlatID>F0011</FlatID><Type>2BHK</Type><BuilderName>Elite Constructions</BuilderName><FlatNumber>140</FlatNumber><Address>63289 Hernandez Gardens Apt. 640, Lake Timothyhaven, OH 78346</Address></Flat><Flat><FlatID>F0012</FlatID><Type>3BHK</Type><BuilderName>Skyline Builders</BuilderName><FlatNumber>744</FlatNumber><Address>PSC 4882, Box 9245, APO AA 00608</Address></Flat><Flat><FlatID>F0013</FlatID><Type>2BHK</Type><BuilderName>Sunrise Ventures</BuilderName><FlatNumber>714</FlatNumber><Address>11821 Garner Way, Lake Aaron, SD 34291</Address></Flat><Flat><FlatID>F0014</FlatID><Type>2BHK</Type><BuilderName>Skyline Builders</BuilderName><FlatNumber>747</FlatNumber><Address>USCGC Lara, FPO AA 96360</Address></Flat><Flat><FlatID>F0015</FlatID><Type>2BHK</Type><BuilderName>Urban Nest</BuilderName><FlatNumber>692</FlatNumber><Address>046 Alan Road, Josebury, DE 99878</Address></Flat><Flat><FlatID>F0016</FlatID><Type>3BHK</Type><BuilderName>Skyline Builders</BuilderName><FlatNumber>248</FlatNumber><Address>639 Robertson Forges Apt. 269, Lake Kathy, WI 08252</Address></Flat><Flat><FlatID>F0017</FlatID><Type>2BHK</Type><BuilderName>Sunrise Ventures</BuilderName><FlatNumber>848</FlatNumber><Address>386 Larson Glens Apt. 648, East Mark, IA 79233</Address></Flat><Flat><FlatID>F0018</FlatID><Type>2BHK</Type><BuilderName>Skyline Builders</BuilderName><FlatNumber>597</FlatNumber><Address>38455 Chambers Cliff Apt. 374, Harrisberg, NM 63750</Address></Flat><Flat><FlatID>F0019</FlatID><Type>3BHK</Type><BuilderName>Urban Nest</BuilderName><FlatNumber>407</FlatNumber><Address>610 Caitlin Keys Suite 152, Joshuaville, NE 65182</Address></Flat><Flat><FlatID>F0020</FlatID><Type>2BHK</Type><BuilderName>Elite Constructions</BuilderName><FlatNumber>962</FlatNumber><Address>069 Henderson Centers, Ortizside, IA 48700</Address></Flat><Flat><FlatID>F0021</FlatID><Type>2BHK</Type><BuilderName>Skyline Builders</BuilderName><FlatNumber>396</FlatNumber><Address>5280 Brown Corners, South Donaldville, RI 31993</Address></Flat><Flat><FlatID>F0022</FlatID><Type>3BHK</Type><BuilderName>Urban Nest</BuilderName><FlatNumber>987</FlatNumber><Address>Unit 1373 Box 4159, DPO AE 15189</Address></Flat><Flat><FlatID>F0023</FlatID><Type>2BHK</Type><BuilderName>Sunrise Ventures</BuilderName><FlatNumber>647</FlatNumber><Address>611 Teresa Highway Apt. 452, West Regina, DE 28756</Address></Flat><Flat><FlatID>F0024</FlatID><Type>3BHK</Type><BuilderName>Urban Nest</BuilderName><FlatNumber>498</FlatNumber><Address>05310 Hopkins Terrace Apt. 439, Rhodesview, OK 44547</Address></Flat><Flat><FlatID>F0025</FlatID><Type>2BHK</Type><BuilderName>Urban Nest</BuilderName><FlatNumber>253</FlatNumber><Address>848 Angela Points Apt. 312, South James, TN 36044</Address></Flat><Flat><FlatID>F0026</FlatID><Type>2BHK</Type><BuilderName>Sunrise Ventures</BuilderName><FlatNumber>724</FlatNumber><Address>41243 Tanya Passage, Lake Jaimeville, MT 57600</Address></Flat><Flat><FlatID>F0027</FlatID><Type>2BHK</Type><BuilderName>Skyline Builders</BuilderName><FlatNumber>288</FlatNumber><Address>08803 Reynolds Lodge Apt. 417, South Sarah, VT 02361</Address></Flat><Flat><FlatID>F0028</FlatID><Type>2BHK</Type><BuilderName>Urban Nest</BuilderName><FlatNumber>453</FlatNumber><Address>59079 John Grove Suite 604, Port Ashley, DC 89437</Address></Flat><Flat><FlatID>F0029</FlatID><Type>2BHK</Type><BuilderName>Sunrise Ventures</BuilderName><FlatNumber>942</FlatNumber><Address>USCGC Gibson, FPO AP 81596</Address></Flat><Flat><FlatID>F0030</FlatID><Type>2BHK</Type><BuilderName>Skyline Builders</BuilderName><FlatNumber>215</FlatNumber><Address>PSC 1088, Box 5129, APO AE 19966</Address></Flat><Flat><FlatID>F0031</FlatID><Type>2BHK</Type><BuilderName>Sunrise Ventures</BuilderName><FlatNumber>259</FlatNumber><Address>Unit 6456 Box 4079, DPO AA 28671</Address></Flat><Flat><FlatID>F0032</FlatID><Type>2BHK</Type><BuilderName>Sunrise Ventures</BuilderName><FlatNumber>506</FlatNumber><Address>Unit 9054 Box 4956, DPO AA 71529</Address></Flat><Flat><FlatID>F0033</FlatID><Type>3BHK</Type><BuilderName>Sunrise Ventures</BuilderName><FlatNumber>741</FlatNumber><Address>211 Ford Village, Chelseaville, MO 97507</Address></Flat><Flat><FlatID>F0034</FlatID><Type>3BHK</Type><BuilderName>Urban Nest</BuilderName><FlatNumber>417</FlatNumber><Address>03540 Stevenson Plain Apt. 786, Brittanytown, HI 05874</Address></Flat><Flat><FlatID>F0035</FlatID><Type>2BHK</Type><BuilderName>Urban Nest</BuilderName><FlatNumber>692</FlatNumber><Address>314 White Shore, East Maryview, AR 34289</Address></Flat><Flat><FlatID>F0036</FlatID><Type>2BHK</Type><BuilderName>Green Homes</BuilderName><FlatNumber>717</FlatNumber><Address>Unit 9943 Box 0067, DPO AA 12161</Address></Flat><Flat><FlatID>F0037</FlatID><Type>3BHK</Type><BuilderName>Urban Nest</BuilderName><FlatNumber>367</FlatNumber><Address>179 Wang Vista Suite 621, Lake Oscar, MS 06067</Address></Flat><Flat><FlatID>F0038</FlatID><Type>3BHK</Type><BuilderName>Urban Nest</BuilderName><FlatNumber>311</FlatNumber><Address>6378 Barber Forks Suite 634, South John, CA 51772</Address></Flat><Flat><FlatID>F0039</FlatID><Type>2BHK</Type><BuilderName>Elite Constructions</BuilderName><FlatNumber>624</FlatNumber><Address>75165 Maxwell Cliff Suite 886, Ramirezside, NV 43927</Address></Flat><Flat><FlatID>F0040</FlatID><Type>2BHK</Type><BuilderName>Urban Nest</BuilderName><FlatNumber>369</FlatNumber><Address>22238 Daugherty Extensions Suite 530, Walkerberg, WV 27589</Address></Flat><Flat><FlatID>F0041</FlatID><Type>2BHK</Type><BuilderName>Elite Constructions</BuilderName><FlatNumber>455</FlatNumber><Address>73915 Hernandez Drives, North Austinshire, AR 63838</Address></Flat><Flat><FlatID>F0042</FlatID><Type>2BHK</Type><BuilderName>Elite Constructions</BuilderName><FlatNumber>870</FlatNumber><Address>606 Theresa Mount, New Heatherberg, LA 16873</Address></Flat><Flat><FlatID>F0043</FlatID><Type>3BHK</Type><BuilderName>Urban Nest</BuilderName><FlatNumber>295</FlatNumber><Address>935 Jesus Curve, Danaton, NC 14986</Address></Flat><Flat><FlatID>F0044</FlatID><Type>2BHK</Type><BuilderName>Green Homes</BuilderName><FlatNumber>171</FlatNumber><Address>41398 Alexis Circles, New Nicole, MS 01354</Address></Flat><Flat><FlatID>F0045</FlatID><Type>3BHK</Type><BuilderName>Green Homes</BuilderName><FlatNumber>591</FlatNumber><Address>9068 Vanessa Creek, Sancheztown, AK 14715</Address></Flat><Flat><FlatID>F0046</FlatID><Type>2BHK</Type><BuilderName>Skyline Builders</BuilderName><FlatNumber>361</FlatNumber><Address>6119 Michael Divide Suite 711, West Cameronborough, NJ 08813</Address></Flat><Flat><FlatID>F0047</FlatID><Type>2BHK</Type><BuilderName>Skyline Builders</BuilderName><FlatNumber>910</FlatNumber><Address>1816 Kimberly Junction Suite 111, New Nicoleville, AL 22630</Address></Flat><Flat><FlatID>F0048</FlatID><Type>3BHK</Type><BuilderName>Elite Constructions</BuilderName><FlatNumber>927</FlatNumber><Address>726 David Unions, Michaelview, MI 15143</Address></Flat><Flat><FlatID>F0049</FlatID><Type>2BHK</Type><BuilderName>Urban Nest</BuilderName><FlatNumber>805</FlatNumber><Address>6438 Lopez Dale, New Jamesfort, WV 52432</Address></Flat><Flat><FlatID>F0050</FlatID><Type>2BHK</Type><BuilderName>Sunrise Ventures</BuilderName><FlatNumber>763</FlatNumber><Address>75443 Kathryn Pines Apt. 210, Clarkbury, CO 22762</Address></Flat><Flat><FlatID>F0051</FlatID><Type>3BHK</Type><BuilderName>Skyline Builders</BuilderName><FlatNumber>106</FlatNumber><Address>92186 Randolph Path Apt. 591, East Angel, CO 76710</Address></Flat><Flat><FlatID>F0052</FlatID><Type>2BHK</Type><BuilderName>Skyline Builders</BuilderName><FlatNumber>283</FlatNumber><Address>4974 Long Expressway Apt. 285, Waltonton, WY 11283</Address></Flat><Flat><FlatID>F0053</FlatID><Type>2BHK</Type><BuilderName>Skyline Builders</BuilderName><FlatNumber>964</FlatNumber><Address>Unit 8918 Box 8387, DPO AP 30908</Address></Flat><Flat><FlatID>F0054</FlatID><Type>3BHK</Type><BuilderName>Elite Constructions</BuilderName><FlatNumber>904</FlatNumber><Address>13929 Wilson Parkways, Dawsonmouth, ID 64694</Address></Flat><Flat><FlatID>F0055</FlatID><Type>3BHK</Type><BuilderName>Elite Constructions</BuilderName><FlatNumber>298</FlatNumber><Address>8732 Smith Square, Lake Angelatown, NJ 79354</Address></Flat><Flat><FlatID>F0056</FlatID><Type>3BHK</Type><BuilderName>Urban Nest</BuilderName><FlatNumber>329</FlatNumber><Address>9394 Frey Track Suite 915, Emilyville, CA 45351</Address></Flat><Flat><FlatID>F0057</FlatID><Type>2BHK</Type><BuilderName>Skyline Builders</BuilderName><FlatNumber>897</FlatNumber><Address>21353 Alexander Shoals Apt. 200, East Christopher, ND 04924</Address></Flat><Flat><FlatID>F0058</FlatID><Type>3BHK</Type><BuilderName>Skyline Builders</BuilderName><FlatNumber>728</FlatNumber><Address>16584 Ebony Bridge, Peterstad, KS 19056</Address></Flat><Flat><FlatID>F0059</FlatID><Type>3BHK</Type><BuilderName>Sunrise Ventures</BuilderName><FlatNumber>782</FlatNumber><Address>56691 Bradley Isle Apt. 450, South Cory, CO 45495</Address></Flat><Flat><FlatID>F0060</FlatID><Type>2BHK</Type><BuilderName>Green Homes</BuilderName><FlatNumber>924</FlatNumber><Address>Unit 8641 Box 7062, DPO AE 01550</Address></Flat><Flat><FlatID>F0061</FlatID><Type>3BHK</Type><BuilderName>Urban Nest</BuilderName><FlatNumber>584</FlatNumber><Address>463 Amanda Stravenue, Woodwardtown, NC 53125</Address></Flat><Flat><FlatID>F0062</FlatID><Type>3BHK</Type><BuilderName>Elite Constructions</BuilderName><FlatNumber>756</FlatNumber><Address>498 Hernandez Track Apt. 813, Mercadoberg, VT 57470</Address></Flat><Flat><FlatID>F0063</FlatID><Type>3BHK</Type><BuilderName>Green Homes</BuilderName><FlatNumber>407</FlatNumber><Address>71376 Alyssa Crossing, Daviston, NE 45251</Address></Flat><Flat><FlatID>F0064</FlatID><Type>2BHK</Type><BuilderName>Urban Nest</BuilderName><FlatNumber>262</FlatNumber><Address>PSC 8811, Box 4314, APO AE 80204</Address></Flat><Flat><FlatID>F0065</FlatID><Type>2BHK</Type><BuilderName>Green Homes</BuilderName><FlatNumber>217</FlatNumber><Address>Unit 0120 Box 4681, DPO AP 99259</Address></Flat><Flat><FlatID>F0066</FlatID><Type>3BHK</Type><BuilderName>Urban Nest</BuilderName><FlatNumber>586</FlatNumber><Address>951 Brown Key Apt. 011, North Sharon, NE 11956</Address></Flat><Flat><FlatID>F0067</FlatID><Type>2BHK</Type><BuilderName>Skyline Builders</BuilderName><FlatNumber>516</FlatNumber><Address>307 Wood Mountains Suite 950, East John, NH 21041</Address></Flat><Flat><FlatID>F0068</FlatID><Type>3BHK</Type><BuilderName>Sunrise Ventures</BuilderName><FlatNumber>754</FlatNumber><Address>53910 Santana Prairie Suite 672, West Stephen, IL 68955</Address></Flat><Flat><FlatID>F0069</FlatID><Type>3BHK</Type><BuilderName>Sunrise Ventures</BuilderName><FlatNumber>362</FlatNumber><Address>368 Katherine Bypass Apt. 930, East Matthewside, UT 46804</Address></Flat><Flat><FlatID>F0070</FlatID><Type>2BHK</Type><BuilderName>Elite Constructions</BuilderName><FlatNumber>946</FlatNumber><Address>8904 Shea Springs Suite 633, North Nathan, DC 72040</Address></Flat><Flat><FlatID>F0071</FlatID><Type>3BHK</Type><BuilderName>Green Homes</BuilderName><FlatNumber>191</FlatNumber><Address>160 Myers Street, New Ashley, NM 35285</Address></Flat><Flat><FlatID>F0072</FlatID><Type>2BHK</Type><BuilderName>Green Homes</BuilderName><FlatNumber>623</FlatNumber><Address>91629 Bell Hill, Josephtown, OR 83744</Address></Flat><Flat><FlatID>F0073</FlatID><Type>3BHK</Type><BuilderName>Urban Nest</BuilderName><FlatNumber>178</FlatNumber><Address>108 Rodriguez Spur, Dianeland, NH 38525</Address></Flat><Flat><FlatID>F0074</FlatID><Type>2BHK</Type><BuilderName>Sunrise Ventures</BuilderName><FlatNumber>255</FlatNumber><Address>17069 Ashley Shore, New Michael, DE 25834</Address></Flat><Flat><FlatID>F0075</FlatID><Type>3BHK</Type><BuilderName>Urban Nest</BuilderName><FlatNumber>535</FlatNumber><Address>0846 Schmidt Court, Carolberg, ID 61931</Address></Flat><Flat><FlatID>F0076</FlatID><Type>2BHK</Type><BuilderName>Sunrise Ventures</BuilderName><FlatNumber>135</FlatNumber><Address>1358 Kevin Valley Suite 179, Port Christopher, NY 29724</Address></Flat><Flat><FlatID>F0077</FlatID><Type>2BHK</Type><BuilderName>Sunrise Ventures</BuilderName><FlatNumber>532</FlatNumber><Address>869 Johnson Rue Apt. 371, West Nicole, RI 87190</Address></Flat><Flat><FlatID>F0078</FlatID><Type>2BHK</Type><BuilderName>Elite Constructions</BuilderName><FlatNumber>527</FlatNumber><Address>87337 Davis Road Suite 952, East Phillipview, CO 05600</Address></Flat><Flat><FlatID>F0079</FlatID><Type>2BHK</Type><BuilderName>Skyline Builders</BuilderName><FlatNumber>642</FlatNumber><Address>5172 Veronica Neck, New Kayla, ME 43410</Address></Flat><Flat><FlatID>F0080</FlatID><Type>2BHK</Type><BuilderName>Elite Constructions</BuilderName><FlatNumber>881</FlatNumber><Address>6386 Cooper Knoll Suite 285, Kellyland, MN 97881</Address></Flat><Flat><FlatID>F0081</FlatID><Type>3BHK</Type><BuilderName>Green Homes</BuilderName><FlatNumber>730</FlatNumber><Address>90329 Mark Extension, Debrafort, NM 16297</Address></Flat><Flat><FlatID>F0082</FlatID><Type>2BHK</Type><BuilderName>Elite Constructions</BuilderName><FlatNumber>197</FlatNumber><Address>10954 Michael Crest Apt. 224, South Bryan, VT 33006</Address></Flat><Flat><FlatID>F0083</FlatID><Type>2BHK</Type><BuilderName>Urban Nest</BuilderName><FlatNumber>981</FlatNumber><Address>263 Peters Lock Suite 654, Petermouth, KS 90870</Address></Flat><Flat><FlatID>F0084</FlatID><Type>3BHK</Type><BuilderName>Skyline Builders</BuilderName><FlatNumber>222</FlatNumber><Address>223 Wells Plains, Turnerberg, NH 79996</Address></Flat><Flat><FlatID>F0085</FlatID><Type>2BHK</Type><BuilderName>Green Homes</BuilderName><FlatNumber>803</FlatNumber><Address>679 Tyler Forest, North Charles, KY 52894</Address></Flat><Flat><FlatID>F0086</FlatID><Type>3BHK</Type><BuilderName>Green Homes</BuilderName><FlatNumber>308</FlatNumber><Address>USCGC Hunter, FPO AP 64042</Address></Flat><Flat><FlatID>F0087</FlatID><Type>2BHK</Type><BuilderName>Green Homes</BuilderName><FlatNumber>528</FlatNumber><Address>PSC 3514, Box 8261, APO AP 20662</Address></Flat><Flat><FlatID>F0088</FlatID><Type>2BHK</Type><BuilderName>Urban Nest</BuilderName><FlatNumber>525</FlatNumber><Address>Unit 2884 Box 7775, DPO AA 50161</Address></Flat><Flat><FlatID>F0089</FlatID><Type>3BHK</Type><BuilderName>Urban Nest</BuilderName><FlatNumber>114</FlatNumber><Address>20112 Reyes Center Apt. 925, Bauerport, AZ 11611</Address></Flat><Flat><FlatID>F0090</FlatID><Type>2BHK</Type><BuilderName>Urban Nest</BuilderName><FlatNumber>832</FlatNumber><Address>197 Schmidt Common Apt. 557, East Thomasberg, LA 44679</Address></Flat><Flat><FlatID>F0091</FlatID><Type>2BHK</Type><BuilderName>Green Homes</BuilderName><FlatNumber>924</FlatNumber><Address>994 Ashley Rest, West Kelly, NV 91584</Address></Flat><Flat><FlatID>F0092</FlatID><Type>3BHK</Type><BuilderName>Green Homes</BuilderName><FlatNumber>345</FlatNumber><Address>857 Luis Drives Suite 633, Barryville, WY 03868</Address></Flat><Flat><FlatID>F0093</FlatID><Type>2BHK</Type><BuilderName>Skyline Builders</BuilderName><FlatNumber>539</FlatNumber><Address>4773 Gilbert Estate, Lake Susan, LA 38924</Address></Flat><Flat><FlatID>F0094</FlatID><Type>2BHK</Type><BuilderName>Green Homes</BuilderName><FlatNumber>331</FlatNumber><Address>8456 Charles Mission, South Matthew, WI 64327</Address></Flat><Flat><FlatID>F0095</FlatID><Type>3BHK</Type><BuilderName>Skyline Builders</BuilderName><FlatNumber>439</FlatNumber><Address>474 Shannon Row, Wilsonstad, TN 51331</Address></Flat><Flat><FlatID>F0096</FlatID><Type>2BHK</Type><BuilderName>Green Homes</BuilderName><FlatNumber>688</FlatNumber><Address>878 Gonzalez Circle, Allisonburgh, SC 51012</Address></Flat><Flat><FlatID>F0097</FlatID><Type>3BHK</Type><BuilderName>Green Homes</BuilderName><FlatNumber>636</FlatNumber><Address>0536 Nicole Cape Suite 230, Christinaport, UT 57690</Address></Flat><Flat><FlatID>F0098</FlatID><Type>3BHK</Type><BuilderName>Sunrise Ventures</BuilderName><FlatNumber>668</FlatNumber><Address>838 Phillip Camp Apt. 783, Lisaport, VA 99165</Address></Flat><Flat><FlatID>F0099</FlatID><Type>2BHK</Type><BuilderName>Green Homes</BuilderName><FlatNumber>305</FlatNumber><Address>26171 Jeffrey Lights Apt. 563, Colleenshire, OK 44149</Address></Flat><Flat><FlatID>F0100</FlatID><Type>2BHK</Type><BuilderName>Green Homes</BuilderName><FlatNumber>219</FlatNumber><Address>10649 Alan Junctions Apt. 019, Lindatown, GA 75427</Address></Flat><Flat><FlatID>F0101</FlatID><Type>2BHK</Type><BuilderName>Sunrise Ventures</BuilderName><FlatNumber>893</FlatNumber><Address>789 Dustin Lakes Apt. 115, Lake Hollyport, NY 23094</Address></Flat><Flat><FlatID>F0102</FlatID><Type>2BHK</Type><BuilderName>Skyline Builders</BuilderName><FlatNumber>447</FlatNumber><Address>7424 Nunez Tunnel Suite 382, Port Stevenchester, KY 31358</Address></Flat><Flat><FlatID>F0103</FlatID><Type>2BHK</Type><BuilderName>Sunrise Ventures</BuilderName><FlatNumber>313</FlatNumber><Address>PSC 8897, Box 7204, APO AE 50519</Address></Flat><Flat><FlatID>F0104</FlatID><Type>2BHK</Type><BuilderName>Skyline Builders</BuilderName><FlatNumber>662</FlatNumber><Address>637 Parsons Mall Suite 562, Victoriahaven, RI 86459</Address></Flat><Flat><FlatID>F0105</FlatID><Type>3BHK</Type><BuilderName>Skyline Builders</BuilderName><FlatNumber>981</FlatNumber><Address>Unit 7370 Box 9321, DPO AP 04661</Address></Flat><Flat><FlatID>F0106</FlatID><Type>2BHK</Type><BuilderName>Green Homes</BuilderName><FlatNumber>440</FlatNumber><Address>756 Mcdaniel Common Suite 144, Lindamouth, IN 48196</Address></Flat><Flat><FlatID>F0107</FlatID><Type>2BHK</Type><BuilderName>Elite Constructions</BuilderName><FlatNumber>307</FlatNumber><Address>3615 Bruce Lakes Suite 676, Port Heidi, RI 55478</Address></Flat><Flat><FlatID>F0108</FlatID><Type>3BHK</Type><BuilderName>Sunrise Ventures</BuilderName><FlatNumber>520</FlatNumber><Address>891 Cristina Via Apt. 272, Port Renee, ME 83227</Address></Flat><Flat><FlatID>F0109</FlatID><Type>3BHK</Type><BuilderName>Elite Constructions</BuilderName><FlatNumber>635</FlatNumber><Address>70599 Erin Knolls, Deannaville, MI 54908</Address></Flat><Flat><FlatID>F0110</FlatID><Type>3BHK</Type><BuilderName>Urban Nest</BuilderName><FlatNumber>118</FlatNumber><Address>28501 Mclaughlin Square Suite 187, Baileyton, SD 35747</Address></Flat><Flat><FlatID>F0111</FlatID><Type>2BHK</Type><BuilderName>Skyline Builders</BuilderName><FlatNumber>788</FlatNumber><Address>52819 Michael Ramp, Montgomerybury, ND 31899</Address></Flat><Flat><FlatID>F0112</FlatID><Type>2BHK</Type><BuilderName>Urban Nest</BuilderName><FlatNumber>250</FlatNumber><Address>880 Johnson Mission, West Leahville, MD 21561</Address></Flat><Flat><FlatID>F0113</FlatID><Type>2BHK</Type><BuilderName>Elite Constructions</BuilderName><FlatNumber>280</FlatNumber><Address>51202 Sanchez Oval, Dawnland, FL 55544</Address></Flat><Flat><FlatID>F0114</FlatID><Type>2BHK</Type><BuilderName>Green Homes</BuilderName><FlatNumber>928</FlatNumber><Address>1587 Miller Field Apt. 610, Berryville, AR 77792</Address></Flat><Flat><FlatID>F0115</FlatID><Type>3BHK</Type><BuilderName>Skyline Builders</BuilderName><FlatNumber>580</FlatNumber><Address>231 Pruitt Creek Apt. 078, Gamblefurt, MA 17218</Address></Flat><Flat><FlatID>F0116</FlatID><Type>2BHK</Type><BuilderName>Skyline Builders</BuilderName><FlatNumber>987</FlatNumber><Address>11259 Brandon Courts Apt. 751, Wellsborough, AZ 22662</Address></Flat><Flat><FlatID>F0117</FlatID><Type>3BHK</Type><BuilderName>Sunrise Ventures</BuilderName><FlatNumber>469</FlatNumber><Address>55473 Bonnie Villages, North Michaelshire, KY 82360</Address></Flat><Flat><FlatID>F0118</FlatID><Type>3BHK</Type><BuilderName>Green Homes</BuilderName><FlatNumber>864</FlatNumber><Address>04396 Smith Burg, South Patricktown, WA 11930</Address></Flat><Flat><FlatID>F0119</FlatID><Type>2BHK</Type><BuilderName>Urban Nest</BuilderName><FlatNumber>776</FlatNumber><Address>728 Michael Flat Apt. 946, Adamborough, FL 93554</Address></Flat><Flat><FlatID>F0120</FlatID><Type>2BHK</Type><BuilderName>Green Homes</BuilderName><FlatNumber>301</FlatNumber><Address>990 Wallace Plains, Pattersonshire, AR 65742</Address></Flat></Inventory>